{
    "accuracy": 0.999,
    "precision": 0.9990031746031746,
    "recall": 0.999,
    "f1": 0.9990004302152584,
    "confusion_matrix": [
        [
            685,
            1
        ],
        [
            0,
            314
        ]
    ]
}